Name	Code	Sector
LS	006260	Financial Services
고려아연	010130	Basic Materials
한진	002320	Industrials
영풍	000670	Basic Materials
에프앤에프홀딩스	007700	Financial Services
아남전자	008700	Technology
한성기업	003680	Consumer Defensive
대한유화	006650	Basic Materials
원림	005820	Basic Materials
퍼스텍	010820	Industrials
금호전기	001210	Consumer Cyclical
키다리스튜디오	020120	Communication Services
한섬	020000	Consumer Cyclical
금호석유화학	011780	Basic Materials
참엔지니어링	009310	Technology
디엔오토모티브	007340	Consumer Cyclical
대한항공	003490	Industrials
한화솔루션	009830	Basic Materials
방림	003610	Consumer Cyclical
하이트진로홀딩스	000140	Financial Services
케이씨그린홀딩스	009440	Technology
미래아이앤지	007120	Financial Services
LS네트웍스	000680	Consumer Cyclical
엔아이스틸	008260	Basic Materials
두산	000150	Industrials
팜젠사이언스	004720	Healthcare
샘표	007540	Financial Services
지투알	035000	Communication Services
세방	004360	Industrials
대원전선	006340	Financial Services
특수건설	026150	Industrials
원일특강	012620	Basic Materials
광진실업	026910	Basic Materials
클라우드에어	036170	Consumer Cyclical
제이에스티나	026040	Consumer Cyclical
피엔풍년	024940	Basic Materials
주성엔지니어링	036930	Technology
제이스코홀딩스	023440	Basic Materials
씨제이	001040	Financial Services
케이티알파	036030	Communication Services
삼지전자	037460	Technology
파워넷	037030	Technology
지더블유바이텍	036180	Financial Services
유니셈	036200	Technology
동진쎄미켐	005290	Technology
다우데이타	032190	Technology
대림제지	017650	Basic Materials
네이처셀	007390	Healthcare
한글과컴퓨터	030520	Technology
아진산업	013310	Industrials
대원산업	005710	Consumer Cyclical
코웰패션	033290	Industrials
세원물산	024830	Consumer Cyclical
제이엠아이	033050	Communication Services
카카오	035720	Communication Services
코센	009730	Industrials
아난티	025980	Consumer Cyclical
골드앤에스	035290	Consumer Defensive
네패스	033640	Technology
솔본	035610	Real Estate
엠에스씨	009780	Basic Materials
한국팩키지	037230	Consumer Cyclical
인지디스플레이	037330	Consumer Cyclical
양지사	030960	Consumer Cyclical
삼일기업공사	002290	Industrials
대양제지공업	006580	Basic Materials
대주산업	003310	Basic Materials
씨앤에이치	023460	Financial Services
한국캐피탈	023760	Financial Services
효성	004800	Financial Services
광림	014200	Industrials
에이프로젠메디신	007460	Healthcare
동화약품	000020	Healthcare
E1	017940	Financial Services
씨아이테크	004920	Communication Services
호텔신라	008770	Consumer Cyclical
엠벤처투자	019590	Financial Services
한국프랜지공업	010100	Consumer Cyclical
대동금속	020400	Industrials
삼화콘덴서공업	001820	Technology
현대그린푸드	005440	Consumer Cyclical
푸드웰	005670	Consumer Defensive
현대코퍼레이션	011760	Consumer Cyclical
일정실업	008500	Financial Services
신라섬유	001000	Real Estate
케이티앤지	033780	Real Estate
율촌화학	008730	Consumer Cyclical
영신금속공업	007530	Consumer Cyclical
한국주강	025890	Financial Services
케이씨티시	009070	Industrials
계룡건설산업	013580	Industrials
신라교역	004970	Consumer Defensive
신대양제지	016590	Basic Materials
엘에스일렉트릭	010120	Industrials
대한전선	001440	Industrials
삼진	032750	Financial Services
이스타코	015020	Real Estate
화승코퍼레이션	013520	Consumer Cyclical
동방	004140	Industrials
한국전력공사	015760	Utilities
원풍	008370	Basic Materials
우리종합금융	010050	Financial Services
유한양행	000100	Healthcare
삼천리	004690	Utilities
자화전자	033240	Financial Services
코오롱	002020	Financial Services
삼일제약	000520	Healthcare
한국선재	025550	Industrials
지에스건설	006360	Industrials
종근당홀딩스	001630	Healthcare
금호건설	002990	Consumer Cyclical
한국쉘석유	002960	Energy
대륙제관	004780	Basic Materials
현대제철	004020	Basic Materials
신풍제약	019170	Healthcare
한미사이언스	008930	Financial Services
이화전기공업	024810	Industrials
에스엠벡셀	010580	Industrials
태평양물산	007980	Consumer Cyclical
SKC	011790	Industrials
포스코홀딩스	005490	Basic Materials
체시스	033250	Consumer Cyclical
아이에스동서	010780	Basic Materials
삼영전자공업	005680	Industrials
일신방직	003200	Basic Materials
메리츠증권	008560	Financial Services
코오롱글로벌	003070	Industrials
피에스텍	002230	Technology
센트럴인사이트	012600	Financial Services
와이지-원	019210	Industrials
남양유업	003920	Consumer Defensive
현대약품	004310	Healthcare
삼화페인트공업	000390	Basic Materials
에스케이하이닉스	000660	Technology
LG	003550	Financial Services
한국조선해양	009540	Industrials
한국전자홀딩스	006200	Technology
쌍용자동차	003620	Consumer Cyclical
해성산업	034810	Real Estate
국도화학	007690	Basic Materials
조일알미늄	018470	Basic Materials
오리엔트바이오	002630	Industrials
세아베스틸지주	001430	Basic Materials
삼영무역	002810	Healthcare
KPX케미칼	025000	Basic Materials
BYC	001460	Industrials
티케이지애강	022220	Basic Materials
대웅	003090	Healthcare
유니슨	018000	Utilities
디아이동일	001530	Basic Materials
유진기업	023410	Basic Materials
신영와코루	005800	Consumer Cyclical
카프로	006380	Basic Materials
한국석유공업	004090	Basic Materials
다우기술	023590	Financial Services
신세계건설	034300	Financial Services
무림페이퍼	009200	Basic Materials
에스엘	005850	Consumer Cyclical
한진중공업홀딩스	003480	Basic Materials
화신	010690	Consumer Cyclical
국동	005320	Consumer Defensive
서부티엔디	006730	Real Estate
벽산	007210	Industrials
덕양산업	024900	Consumer Cyclical
녹십자홀딩스	005250	Financial Services
SK가스	018670	Financial Services
대동	000490	Industrials
디비아이엔씨	012030	Financial Services
한일홀딩스	003300	Basic Materials
농심	004370	Consumer Defensive
세아제강지주	003030	Basic Materials
한일화학공업	007770	Basic Materials
한국단자공업	025540	Consumer Cyclical
국제약품	002720	Healthcare
진원생명과학	011000	Healthcare
현대차증권	001500	Financial Services
모나미	005360	Basic Materials
오리온홀딩스	001800	Consumer Cyclical
아세아	002030	Basic Materials
케이비아이메탈	024840	Industrials
에스케이디스커버리	006120	Real Estate
삼성전기	009150	Technology
중소기업은행	024110	Financial Services
한국주철관공업	000970	Industrials
삼양통상	002170	Real Estate
플레이그램	009810	Communication Services
덕성	004830	Consumer Cyclical
인터엠	017250	Technology
동원산업	006040	Consumer Defensive
한일현대시멘트	006390	Basic Materials
사조오양	006090	Consumer Defensive
기아	000270	Consumer Cyclical
한화	000880	Financial Services
대한제당	001790	Financial Services
케이씨씨	002380	Basic Materials
케이씨피드	025880	Basic Materials
경인양행	012610	Basic Materials
KISCO홀딩스	001940	Financial Services
시노펙스	025320	Industrials
세종공업	033530	Consumer Cyclical
삼양홀딩스	000070	Financial Services
더존비즈온	012510	Technology
베뉴지	019010	Consumer Cyclical
현대미포조선	010620	Industrials
진양산업	003780	Basic Materials
대창	012800	Basic Materials
대창단조	015230	Industrials
아모레퍼시픽그룹	002790	Consumer Cyclical
부방	014470	Financial Services
삼성전자	005930	Technology
사조산업	007160	Industrials
제이더블유중외제약	001060	Healthcare
문배철강	008420	Basic Materials
이구산업	025820	Basic Materials
씨에스홀딩스	000590	Financial Services
한국가스공사	036460	Energy
한화투자증권	003530	Financial Services
케이지스틸 주식회사	016380	Basic Materials
코웨이주식회사	021240	Consumer Cyclical
케이에이치필룩스	033180	Industrials
신세계	004170	Real Estate
만호제강	001080	Industrials
유성기업	002920	Industrials
아시아나항공	020560	Industrials
롯데지주	004990	Basic Materials
한일철강	002220	Basic Materials
신도리코	029530	Financial Services
인팩	023810	Consumer Cyclical
미창석유공업	003650	Basic Materials
비비안	002070	Consumer Cyclical
환인제약	016580	Healthcare
케이티	030200	Communication Services
한온시스템	018880	Industrials
삼익THK	004380	Industrials
한라	014790	Industrials
원익큐브	014190	Basic Materials
동부건설	005960	Industrials
남해화학	025860	Basic Materials
신화다이나믹스	001770	Basic Materials
서흥	008490	Basic Materials
태영건설	009410	Industrials
오뚜기	007310	Financial Services
유니온	000910	Basic Materials
한국공항	005430	Industrials
삼성증권	016360	Financial Services
현대비앤지스틸	004560	Basic Materials
강남제비스코	000860	Basic Materials
케이피에프	024880	Industrials
삼영화학공업	003720	Basic Materials
SK텔레콤	017670	Communication Services
삼성화재해상보험	000810	Financial Services
에이치엠엠	011200	Industrials
교보증권	030610	Financial Services
코리아써키트	007810	Technology
한국카본	017960	Basic Materials
서울도시가스	017390	Utilities
한솔케미칼	014680	Basic Materials
한국알콜산업	017890	Basic Materials
퍼시스	016800	Financial Services
대한해운	005880	Energy
대성창업투자	027830	Financial Services
동양	001520	Basic Materials
대한화섬	003830	Basic Materials
한세예스24홀딩스	016450	Financial Services
태림포장	011280	Financial Services
한국수출포장공업	002200	Consumer Cyclical
대성홀딩스	016710	Financial Services
노루홀딩스	000320	Basic Materials
우성	006980	Basic Materials
한국유나이티드제약	033270	Healthcare
진로발효	018120	Consumer Defensive
포스코엠텍	009520	Basic Materials
한국콜마홀딩스	024720	Financial Services
신풍제지	002870	Consumer Cyclical
화천기공	000850	Industrials
이화산업	000760	Basic Materials
태경비케이	014580	Basic Materials
일지테크	019540	Consumer Cyclical
웰바이오텍	010600	Financial Services
천일고속	000650	Real Estate
극동유화	014530	Financial Services
케이지케미칼	001390	Financial Services
써니전자	004770	Technology
에스지씨에너지	005090	Utilities
동원금속	018500	Consumer Cyclical
피제이전자	006140	Technology
신라에스지	025870	Consumer Defensive
고려산업	002140	Consumer Defensive
흥구석유	024060	Energy
파미셀	005690	Healthcare
메이슨캐피탈	021880	Financial Services
알루코	001780	Industrials
남성	004270	Communication Services
매일홀딩스	005990	Consumer Defensive
SK증권	001510	Financial Services
백산	035150	Consumer Cyclical
삼성SDI	006400	Industrials
우리엔터프라이즈	037400	Industrials
S-OIL	010950	Energy
성안	011300	Real Estate
삼성중공업	010140	Industrials
디엘	000210	Basic Materials
선앤엘	002820	Consumer Cyclical
깨끗한나라	004540	Consumer Cyclical
오스템	031510	Financial Services
부광약품	003000	Healthcare
심팩	009160	Basic Materials
리더스기술투자	019570	Financial Services
전방	000950	Consumer Cyclical
대원강업	000430	Consumer Cyclical
서한	011370	Industrials
대신증권	003540	Financial Services
에이치디씨	012630	Financial Services
디비금융투자	016610	Financial Services
제일파마홀딩스	002620	Financial Services
디씨엠	024090	Basic Materials
코리아나화장품	027050	Healthcare
삼화전기	009470	Technology
대원제약	003220	Healthcare
영풍제지	006740	Basic Materials
한국앤컴퍼니	000240	Financial Services
화승인더스트리	006060	Basic Materials
티씨씨스틸	002710	Basic Materials
조선내화	000480	Basic Materials
신원종합개발	017000	Real Estate
동원개발	013120	Real Estate
동국제강	001230	Basic Materials
태광산업	003240	Basic Materials
이수화학	005950	Financial Services
DRB동일	004840	Basic Materials
롯데케미칼	011170	Basic Materials
현대건설	000720	Financial Services
DB 하이텍	000990	Technology
부국철강	026940	Basic Materials
세하	027970	Basic Materials
경인전자	009140	Technology
한올바이오파마	009420	Healthcare
신원	009270	Industrials
대양금속	009190	Basic Materials
한독	002390	Healthcare
하이트진로	000080	Consumer Defensive
NH투자증권	005940	Financial Services
신영증권	001720	Financial Services
대림통상	006570	Basic Materials
모베이스전자	012860	Technology
경동인베스트	012320	Real Estate
삼화왕관	004450	Consumer Defensive
태경산업	015890	Basic Materials
태양금속공업	004100	Consumer Cyclical
동서	026960	Financial Services
삼화전자공업	011230	Technology
일성신약	003120	Financial Services
디아이	003160	Technology
범양건영	002410	Industrials
이건산업	008250	Basic Materials
동원시스템즈	014820	Consumer Cyclical
원풍물산	008290	Consumer Cyclical
광동제약	009290	Healthcare
에이티넘인베스트먼트	021080	Financial Services
삼익악기	002450	Consumer Cyclical
풀무원	017810	Consumer Defensive
큐로	015590	Financial Services
성문전자	014910	Technology
영보화학	014440	Financial Services
대한제분	001130	Consumer Defensive
에이프로젠제약	003060	Healthcare
동원수산	030720	Consumer Defensive
한국특강	007280	Basic Materials
동남합성	023450	Financial Services
유화증권	003460	Financial Services
지누스	013890	Consumer Cyclical
현대자동차	005380	Consumer Cyclical
풍산홀딩스	005810	Basic Materials
삼성엔지니어링	028050	Industrials
사조대림	003960	Consumer Defensive
경창산업	024910	Consumer Cyclical
대현	016090	Consumer Cyclical
미래에셋증권	006800	Financial Services
상상인증권	001290	Financial Services
인지컨트롤스	023800	Consumer Cyclical
유안타증권	003470	Financial Services
평화홀딩스	010770	Financial Services
보령	003850	Healthcare
성보화학	003080	Basic Materials
현대해상화재보험	001450	Financial Services
서울식품공업	004410	Consumer Defensive
스틱인베스트먼트	026890	Financial Services
이지홀딩스	035810	Energy
부산산업	011390	Basic Materials
서연	007860	Financial Services
진흥기업	002780	Industrials
뉴인텍	012340	Technology
티에이치엔	019180	Financial Services
보성파워텍	006910	Industrials
진양폴리우레탄	010640	Basic Materials
쌍용씨앤이	003410	Basic Materials
송원산업	004430	Basic Materials
넥센	005720	Industrials
브이티지엠피	018290	Healthcare
롯데칠성음료	005300	Consumer Defensive
한국가구	004590	Consumer Cyclical
디와이	013570	Financial Services
광전자	017900	Technology
크라운해태홀딩스	005740	Consumer Defensive
하이록코리아	013030	Industrials
영원무역홀딩스	009970	Consumer Cyclical
에이엔피	015260	Technology
삼륭물산	014970	Consumer Defensive
백광산업	001340	Basic Materials
현대모비스	012330	Financial Services
한창제지	009460	Consumer Defensive
부국증권	001270	Financial Services
한화손해보험	000370	Financial Services
대상	001680	Consumer Defensive
제일기획	030000	Communication Services
빙그레	005180	Consumer Defensive
모토닉	009680	Consumer Cyclical
LX인터내셔널	001120	Industrials
신일제약	012790	Healthcare
황금에스티	032560	Basic Materials
휴먼엔	032860	Basic Materials
제주은행	006220	Financial Services
계양전기	012200	Basic Materials
세방전지	004490	Industrials
아세아제지	002310	Financial Services
롯데정밀화학	004000	Basic Materials
티와이엠	002900	Industrials
롯데손해보험	000400	Financial Services
조아제약	034940	Healthcare
유수홀딩스	000700	Financial Services
한양증권	001750	Financial Services
팜스코	036580	Consumer Defensive
유진투자증권	001200	Financial Services
일진홀딩스	015860	Financial Services
경농	002100	Basic Materials
미래산업	025560	Financial Services
사조동아원	008040	Basic Materials
중앙에너비스	000440	Energy
예스코홀딩스	015360	Energy
위스컴	024070	Basic Materials
엔피씨	004250	Industrials
금비	008870	Basic Materials
동성화인텍	033500	Energy
모나리자	012690	Financial Services
유니켐	011330	Consumer Cyclical
동성제약	002210	Healthcare
웅진	016880	Real Estate
코스모신소재	005070	Basic Materials
케이비아이동국실업	001620	Consumer Cyclical
가온전선	000500	Industrials
혜인	003010	Industrials
코리안리재보험	003690	Financial Services
동방아그로	007590	Basic Materials
서원	021050	Financial Services
모아텍	033200	Consumer Cyclical
기산텔레콤	035460	Industrials
현대엘리베이터	017800	Financial Services
삼부토건	001470	Industrials
대동전자	008110	Consumer Cyclical
녹십자	006280	Healthcare
경동나비엔	009450	Industrials
세우글로벌	013000	Financial Services
비엔지티	032790	Consumer Defensive
보락	002760	Healthcare
한화에어로스페이스	012450	Industrials
에쓰씨엔지니어링	023960	Industrials
한신기계공업	011700	Industrials
한솔PNS	010420	Technology
에이케이홀딩스	006840	Financial Services
선도전기	007610	Industrials
비트컴퓨터	032850	Technology
디엘건설	001880	Industrials
에이치엘비글로벌	003580	Basic Materials
대원화성	024890	Consumer Cyclical
대신정보통신	020180	Technology
대우전자부품	009320	Technology
글로본	019660	Consumer Defensive
갤럭시아 에스엠	011420	Communication Services
흥국화재해상보험	000540	Financial Services
에스원	012750	Technology
오씨아이	010060	Basic Materials
조광페인트	004910	Basic Materials
KB오토시스	024120	Consumer Cyclical
보해양조	000890	Consumer Defensive
부산주공	005030	Industrials
한창	005110	Utilities
제룡전기	033100	Industrials
화성산업	002460	Real Estate
MH에탄올	023150	Consumer Defensive
성신양회	004980	Basic Materials
콤텍시스템	031820	Financial Services
원익	032940	Healthcare
삼성공조	006660	Industrials
세원정공	021820	Consumer Cyclical
세보엠이씨	011560	Industrials
한솔테크닉스	004710	Financial Services
신흥	004080	Healthcare
인스코비	006490	Communication Services
성창기업지주	000180	Real Estate
화천기계	010660	Industrials
메디앙스	014100	Healthcare
조광피혁	004700	Consumer Cyclical
무학	033920	Consumer Cyclical
메리츠화재해상보험	000060	Financial Services
한국화장품제조	003350	Consumer Defensive
에넥스	011090	Consumer Cyclical
대구백화점	006370	Financial Services
신성이엔지	011930	Industrials
대림비앤코	005750	Financial Services
금양	001570	Basic Materials
성우하이텍	015750	Consumer Cyclical
팜스토리	027710	Financial Services
삼진제약	005500	Healthcare
태광	023160	Industrials
STX	011810	Industrials
유유제약	000220	Healthcare
태원물산	001420	Basic Materials
한솔홀딩스	004150	Basic Materials
동국산업	005160	Basic Materials
동양철관	008970	Basic Materials
인성정보	033230	Technology
까뮤이앤씨	013700	Industrials
일동홀딩스	000230	Healthcare
그래디언트	035080	Financial Services
판타지오	032800	Communication Services
씨비아이 주식회사	013720	Consumer Cyclical
영진약품	003520	Healthcare
대한약품공업	023910	Healthcare
신성통상	005390	Consumer Cyclical
에스제이엠홀딩스	025530	Industrials
SK네트웍스	001740	Communication Services
동일철강	023790	Basic Materials
한솔로지스틱스	009180	Industrials
지에스글로벌	001250	Financial Services
남광토건	001260	Industrials
엠케이전자	033160	Technology
에스지글로벌	001380	Consumer Cyclical
한신공영	004960	Industrials
디비손해보험	005830	Financial Services
에스비에스	034120	Communication Services
카스	016920	Industrials
드래곤플라이	030350	Communication Services
휴스틸	005010	Industrials
큐캐피탈파트너스	016600	Financial Services
대영포장	014160	Financial Services
이화공영	001840	Industrials
국보	001140	Consumer Cyclical
디지틀조선일보	033130	Communication Services
에스피씨삼립	005610	Consumer Defensive
대동기어	008830	Industrials
세기상사	002420	Financial Services
코콤	015710	Technology
동신건설	025950	Industrials
무림피앤피	009580	Basic Materials
엔에스엔	031860	Healthcare
CJ씨푸드	011150	Consumer Defensive
한일단조공업	024740	Industrials
다올투자증권	030210	Financial Services
바른손이앤에이	035620	Communication Services
삼보산업	009620	Industrials
휴맥스홀딩스	028080	Financial Services
바이온	032980	Consumer Defensive
에이치엘비	028300	Healthcare
에스비아이인베스트먼트	019550	Financial Services
한일사료	005860	Consumer Defensive
한국내화	010040	Basic Materials
디모아	016670	Technology
피델릭스	032580	Technology
태경케미컬	006890	Basic Materials
티제이미디어	032540	Communication Services
예림당	036000	Communication Services
대호특수강	021040	Industrials
광무	029480	Industrials
경동제약	011040	Healthcare
동일기연	032960	Healthcare
바른손	018700	Consumer Cyclical
세명전기공업	017510	Basic Materials
소프트센	032680	Technology
파라텍	033540	Industrials
피에스케이홀딩스	031980	Technology
원익홀딩스	030530	Technology
씨제이이엔엠	035760	Communication Services
대성엘텍	025440	Consumer Cyclical
시공테크	020710	Consumer Cyclical
유성티엔에스	024800	Industrials
삼천리자전거	024950	Consumer Cyclical
서희건설	035890	Real Estate
제이씨현시스템	033320	Technology
플레이위드	023770	Consumer Cyclical
국영지앤엠	006050	Industrials
유비케어	032620	Healthcare
선광	003100	Industrials
한국정보통신	025770	Technology
대명소노시즌	007720	Consumer Cyclical
에스씨아이평가정보	036120	Financial Services
서울전자통신	027040	Technology
아이즈비전	031310	Communication Services
위지트	036090	Technology
하이트론씨스템즈	019490	Technology
삼양식품	003230	Consumer Defensive
동아쏘시오홀딩스	000640	Basic Materials
휴니드테크놀러지스	005870	Industrials
대유플러스	000300	Consumer Cyclical
제이준코스메틱	025620	Healthcare
삼성제약	001360	Healthcare
대한방직	001070	Basic Materials
인디에프	014990	Consumer Cyclical
미원상사	002840	Basic Materials
에스지세계물산	004060	Consumer Cyclical
한익스프레스	014130	Industrials
조흥	002600	Consumer Defensive
흥아해운	003280	Financial Services
케이씨	029460	Technology
수산중공업	017550	Industrials
씨제이대한통운	000120	Industrials
쎌마테라퓨틱스	015540	Healthcare
일신석재	007110	Basic Materials
대덕	008060	Financial Services
에스앤티중공업	003570	Industrials
SH에너지화학	002360	Financial Services
남선알미늄	008350	Basic Materials
영화금속	012280	Consumer Cyclical
아센디오	012170	Financial Services
신일전자	002700	Consumer Cyclical
일양약품	007570	Healthcare
아이에이치큐	003560	Communication Services
코스모화학	005420	Basic Materials
넥센타이어	002350	Consumer Cyclical
금강공업	014280	Financial Services
대유에이텍	002880	Industrials
케이알모터스	000040	Consumer Cyclical
조비	001550	Basic Materials
윌비스	008600	Consumer Defensive
와이투솔루션	011690	Industrials
페이퍼코리아	001020	Communication Services
티웨이홀딩스	004870	Technology
일성건설	013360	Industrials
삼보판지	023600	Basic Materials
엠투엔	033310	Basic Materials
푸른상호저축은행	007330	Financial Services
삼아알미늄	006110	Basic Materials
고려제강	002240	Basic Materials
유니크	011320	Consumer Cyclical
에스지씨이테크건설	016250	Industrials
스페코	013810	Industrials
좋은사람들	033340	Financial Services
영풍정밀	036560	Industrials
파세코	037070	Consumer Cyclical
세종텔레콤	036630	Communication Services
심텍홀딩스	036710	Financial Services
에이스침대	003800	Consumer Cyclical
경방	000050	Real Estate
풍국주정공업	023900	Basic Materials
삼목에스폼	018310	Industrials
삼일	032280	Energy
무림에스피	001810	Basic Materials
하림지주	003380	Financial Services
감성코퍼레이션	036620	Technology
이지	037370	Basic Materials
성도이엔지	037350	Industrials
제일테크노스	038010	Industrials
한탑	002680	Consumer Defensive
코맥스	036690	Technology
솔브레인홀딩스	036830	Financial Services
에프에스티	036810	Technology
동화기업	025900	Basic Materials
광명전기	017040	Financial Services
리드코프	012700	Financial Services
레드캡투어	038390	Consumer Cyclical
희림종합건축사사무소	037440	Industrials
마크로젠	038290	Healthcare
모헨즈	006920	Basic Materials
경남스틸	039240	Basic Materials
에스앤티홀딩스	036530	Financial Services
화성밸브	039610	Industrials
케이엠더블유	032500	Technology
에코플라스틱	038110	Consumer Cyclical
콘텐트리중앙	036420	Communication Services
대한광통신	010170	Technology
쎄니트	037760	Basic Materials
대성미생물연구소	036480	Healthcare
에스넷시스템	038680	Technology
에스엠엔터테인먼트	041510	Communication Services
에스지엔지	040610	Industrials
아이에이	038880	Technology
쌍용정보통신	010280	Technology
나이스정보통신	036800	Communication Services
위즈코프	038620	Utilities
이건홀딩스	039020	Technology
파인디지털	038950	Technology
나이스평가정보	030190	Financial Services
에스에이엠티	031330	Technology
에이치알에스	036640	Basic Materials
세중	039310	Industrials
골드퍼시픽	038530	Consumer Defensive
우리기술투자	041190	Financial Services
안국약품	001540	Healthcare
다산네트웍스	039560	Technology
바이오스마트	038460	Financial Services
우리기술	032820	Financial Services
네오위즈홀딩스	042420	Financial Services
디오	039840	Healthcare
한국정보공학	039740	Industrials
엔씨소프트	036570	Communication Services
에스씨디	042110	Industrials
파루	043200	Technology
삼아제약	009300	Healthcare
진성티이씨	036890	Industrials
현대에이치티	039010	Technology
지니뮤직	043610	Communication Services
진양제약	007370	Healthcare
정상제이엘에스	040420	Consumer Defensive
코아시아	045970	Technology
비츠로테크	042370	Financial Services
솔고바이오메디칼	043100	Healthcare
오공	045060	Basic Materials
파나진	046210	Healthcare
나노엔텍	039860	Healthcare
서울제약	018680	Healthcare
상상인	038540	Industrials
이수페타시스	007660	Technology
국순당	043650	Consumer Defensive
엘컴텍	037950	Technology
이오테크닉스	039030	Technology
에쎈테크	043340	Industrials
누리플렉스	040160	Technology
한양이엔지	045100	Technology
에이치케이	044780	Industrials
정원엔시스	045510	Industrials
LG유플러스	032640	Communication Services
삼천당제약	000250	Healthcare
엔피케이	048830	Basic Materials
상지카일룸	042940	Industrials
위닉스	044340	Consumer Cyclical
오리콤	010470	Communication Services
두산에너빌리티	034020	Industrials
아즈텍더블유비이	032080	Consumer Cyclical
이글벳	044960	Real Estate
신세계아이앤씨	035510	Communication Services
KD	044180	Industrials
동원에프앤비	049770	Consumer Defensive
하나투어	039130	Communication Services
포스코ICT	022100	Technology
크린앤사이언스	045520	Industrials
고려제약	014570	Healthcare
마니커	027740	Consumer Defensive
인바디	041830	Healthcare
코다코	046070	Consumer Cyclical
금화피에스시	036190	Industrials
비케이탑스	030790	Financial Services
라온시큐어	042510	Technology
케이씨아이	036670	Basic Materials
오로라월드	039830	Consumer Cyclical
삼현철강	017480	Industrials
오픈베이스	049480	Technology
유라테크	048430	Consumer Cyclical
삼화네트웍스	046390	Communication Services
성광벤드	014620	Basic Materials
블루베리엔에프티	044480	Basic Materials
TPC메카트로닉스	048770	Technology
코메론	049430	Industrials
조광아이엘아이	044060	Industrials
에스엠컬처앤콘텐츠	048550	Communication Services
피에스엠씨	024850	Technology
승일	049830	Basic Materials
진양화학	051630	Basic Materials
삼표시멘트	038500	Basic Materials
대우조선해양	042660	Industrials
현대두산인프라코어	042670	Industrials
포스코인터내셔널	047050	Basic Materials
대우건설	047040	Real Estate
LG생활건강	051900	Consumer Defensive
LG화학	051910	Basic Materials
에스에프에이반도체	036540	Technology
현대바이오랜드	052260	Consumer Defensive
대아티아이	045390	Industrials
캠시스	050110	Technology
한국토지신탁	034830	Real Estate
에이텍	045660	Technology
에코바이오홀딩스	038870	Energy
나라엠앤디	051490	Technology
스카이문스테크놀로지	033790	Communication Services
큐로홀딩스	051780	Real Estate
티에스넥스젠	043220	Industrials
에스티큐브	052020	Healthcare
코텍	052330	Financial Services
한네트	052600	Technology
디지아이	043360	Technology
파인디앤씨	049120	Industrials
우진플라임	049800	Basic Materials
씨제이프레시웨이	051500	Consumer Defensive
세아홀딩스	058650	Financial Services
중앙디앤엠	051980	Basic Materials
신세계푸드	031440	Consumer Defensive
대원미디어	048910	Communication Services
초록뱀컴퍼니	052300	Real Estate
유아이엘	049520	Technology
태양	053620	Energy
바이넥스	053030	Healthcare
오성첨단소재	052420	Basic Materials
세코닉스	053450	Technology
우신시스템	017370	Consumer Cyclical
액토즈소프트	052790	Communication Services
프로텍	053610	Technology
세동	053060	Industrials
케이씨씨건설	021320	Real Estate
한국테크놀로지	053590	Technology
제이와이피엔터테인먼트	035900	Communication Services
CMG제약	058820	Healthcare
와이티엔	040300	Communication Services
신한금융지주회사	055550	Financial Services
안랩	053800	Technology
코데즈컴바인	047770	Consumer Cyclical
아이디스홀딩스	054800	Technology
소리바다	053110	Communication Services
에스지에이	049470	Technology
지에스이	053050	Utilities
한창바이오텍	043090	Healthcare
메디콕스	054180	Industrials
코나아이	052400	Technology
강원랜드	035250	Consumer Cyclical
코미팜	041960	Healthcare
프리엠스	053160	Industrials
한컴위드	054920	Technology
포스코케미칼	003670	Basic Materials
경남제약	053950	Healthcare
삼보모터스	053700	Consumer Cyclical
태웅	044490	Industrials
에이디칩스	054630	Technology
유진로봇	056080	Industrials
이니텍	053350	Technology
YW	051390	Communication Services
삼영엠텍	054540	Industrials
상신브레이크	041650	Consumer Cyclical
유씨아이	038340	Financial Services
성호전자	043260	Industrials
코위버	056360	Technology
에이피에스홀딩스	054620	Technology
종근당바이오	063160	Healthcare
엑사이엔씨	054940	Financial Services
피에이치에이	043370	Consumer Cyclical
신화인터텍	056700	Technology
성우테크론	045300	Technology
에스에프에이	056190	Technology
리노공업	058470	Technology
크로바하이텍	043590	Industrials
비츠로시스	054220	Technology
동아화성	041930	Basic Materials
오리엔탈정공	014940	Industrials
룽투코리아	060240	Communication Services
씨앤티85	056730	Industrials
금강철강	053260	Basic Materials
엔에이치엔한국사이버결제	060250	Financial Services
일진디스플레이	020760	Technology
레드로버	060300	Communication Services
한빛소프트	047080	Communication Services
링네트	042500	Technology
팬스타엔터프라이즈	054300	Consumer Cyclical
제이웨이	058420	Communication Services
대동스틸	048470	Industrials
큐로컴	040350	Healthcare
프럼파스트	035200	Basic Materials
한국컴퓨터	054040	Technology
유신	054930	Industrials
미코	059090	Technology
서울반도체	046890	Industrials
일야	058450	Consumer Cyclical
아가방앤컴퍼니	013990	Consumer Cyclical
제일바이오	052670	Healthcare
고려신용정보	049720	Financial Services
뉴보텍	060260	Utilities
파나케이아	058530	Industrials
동양에스텍	060380	Basic Materials
백금티앤에이	046310	Financial Services
광주신세계	037710	Communication Services
코스맥스비티아이	044820	Financial Services
한국기업평가	034950	Financial Services
구영테크	053270	Consumer Cyclical
피씨디렉트	051380	Technology
케이티서브마린	060370	Industrials
인탑스	049070	Consumer Cyclical
씨티씨바이오	060590	Healthcare
대한뉴팜	054670	Healthcare
에스티아이	039440	Technology
잉크테크	049550	Technology
에스앤티모티브	064960	Consumer Cyclical
케이엘넷	039420	Technology
농업회사법인농우바이오	054050	Consumer Defensive
오상자이엘	053980	Consumer Defensive
화일약품	061250	Healthcare
LG전자	066570	Technology
삼에스코리아	060310	Technology
케이피티유	054410	Basic Materials
ES큐브	050120	Consumer Cyclical
이랜텍	054210	Consumer Cyclical
알에프텍	061040	Technology
에스폴리텍	050760	Basic Materials
KH바텍	060720	Communication Services
셀루메드	049180	Healthcare
지어소프트	051160	Communication Services
지엔코	065060	Consumer Cyclical
에스엠라이프디자인그룹	063440	Financial Services
와이어블	065530	Technology
인선ENT	060150	Industrials
우원개발	046940	Real Estate
티사이언티픽	057680	Communication Services
소니드	060230	Technology
아비코전자	036010	Technology
큐렉소	060280	Healthcare
홈센타홀딩스	060560	Real Estate
서울리거	043710	Consumer Cyclical
한샘	009240	Financial Services
파커스	065690	Technology
서호전기	065710	Industrials
삼호개발	010960	Financial Services
토탈소프트뱅크	045340	Technology
에스피지	058610	Industrials
세이브존아이앤씨	067830	Consumer Cyclical
삼성출판사	068290	Communication Services
현대바이오사이언스	048410	Healthcare
리노스	039980	Technology
포스코스틸리온	058430	Financial Services
아이톡시	052770	Communication Services
에스아이리소스	065420	Energy
젬백스링크	064800	Communication Services
국보디자인	066620	Consumer Cyclical
대한그린파워	060900	Utilities
오리엔트정공	065500	Consumer Cyclical
새로닉스	042600	Technology
티케이지휴켐스	069260	Financial Services
네이버	035420	Communication Services
플래스크	041590	Consumer Cyclical
대웅제약	069620	Healthcare
파라다이스	034230	Consumer Cyclical
대호에이엘	069460	Financial Services
비엘팜텍	065170	Consumer Defensive
케이지이니시스	035600	Technology
현대백화점	069960	Consumer Cyclical
바른전자	064520	Technology
엔이능률	053290	Consumer Defensive
쎌바이오텍	049960	Healthcare
에프앤리퍼블릭	064090	Consumer Cyclical
초록뱀미디어	047820	Communication Services
와이오엠	066430	Basic Materials
디스플레이테크	066670	Technology
엘앤에프	066970	Industrials
케이피엠테크	042040	Healthcare
한농화성	011500	Basic Materials
리더스코스메틱	016100	Healthcare
이엔코퍼레이션	066980	Industrials
메디프론디비티	065650	Healthcare
삼영이엔씨	065570	Industrials
인터플렉스	051370	Technology
재영솔루텍	049630	Technology
한국큐빅	021650	Basic Materials
이루온	065440	Technology
디에스알제강	069730	Financial Services
탑엔지니어링	065130	Technology
빅텍	065450	Industrials
에스비에스콘텐츠허브	046140	Communication Services
제이더블유신약	067290	Healthcare
하츠	066130	Industrials
우수AMS	066590	Consumer Cyclical
대화제약	067080	Healthcare
하이스틸	071090	Financial Services
웹젠	069080	Communication Services
씨씨에스충북방송	066790	Communication Services
홈캐스트	064240	Technology
유엔젤	072130	Financial Services
녹원씨엔아이	065560	Basic Materials
이라이콤	041520	Technology
코원플레이	056000	Technology
한국투자금융지주	071050	Financial Services
파워로직스	047310	Technology
웰크론	065950	Industrials
농심홀딩스	072710	Financial Services
아모텍	052710	Technology
와이지플러스	037270	Communication Services
티씨케이	064760	Technology
유아이디	069330	Basic Materials
코스온	069110	Consumer Defensive
디지털대성	068930	Real Estate
우리산업홀딩스	072470	Consumer Cyclical
휴비츠	065510	Healthcare
중앙백신연구소	072020	Healthcare
한솔홈데코	025750	Industrials
현대에버다임	041440	Industrials
로체시스템즈	071280	Technology
키이스트	054780	Communication Services
에스텍	069510	Technology
오텍	067170	Consumer Cyclical
원익큐엔씨	074600	Technology
드림어스컴퍼니	060570	Communication Services
버킷스튜디오	066410	Communication Services
아프리카티비	067160	Communication Services
이엔플러스	074610	Industrials
피에이치씨	057880	Healthcare
우주일렉트로닉스	065680	Technology
더블유아이	073570	Technology
테라사이언스	073640	Industrials
한솔인티큐브	070590	Technology
세진티에스	067770	Technology
대교	019680	Financial Services
NICE홀딩스	034310	Financial Services
에스텍파마	041910	Healthcare
삼진엘앤디	054090	Industrials
듀오백	073190	Consumer Cyclical
라이트론	069540	Technology
동국알앤에스	075970	Basic Materials
키움증권	039490	Financial Services
STX엔진	077970	Industrials
디에이피	066900	Technology
한양디지텍	078350	Technology
테라젠이텍스	066700	Healthcare
씨에스	065770	Technology
아미노로직스	074430	Financial Services
와이비엠넷	057030	Consumer Defensive
코엔텍	029960	Utilities
비케이홀딩스	050090	Technology
형지아이앤씨	011080	Consumer Cyclical
텔코웨어	078000	Technology
LG디스플레이	034220	Technology
다날	064260	Technology
한국경제티브이	039340	Communication Services
다스코	058730	Industrials
유니퀘스트	077500	Technology
지에스	078930	Financial Services
신성델타테크	065350	Financial Services
시너지이노베이션	048870	Healthcare
코드네이처	078940	Utilities
디엠에스	068790	Technology
국일제지	078130	Basic Materials
제넨바이오	072520	Healthcare
토비스	051360	Technology
유니드	014830	Financial Services
도이치모터스	067990	Consumer Cyclical
에이치비테크놀러지	078150	Industrials
텔레칩스	054450	Technology
대주전자재료	078600	Technology
케이지모빌리언스	046440	Technology
케이에스피	073010	Industrials
메가스터디	072870	Consumer Defensive
일진다이아몬드	081000	Energy
씨제이씨지브이	079160	Communication Services
아이크래프트	052460	Communication Services
미래컴퍼니	049950	Technology
손오공	066910	Consumer Cyclical
케이엠에이치하이텍	052900	Basic Materials
아이엠비씨	052220	Communication Services
서산	079650	Basic Materials
에스엔유프리시젼	080000	Technology
디이엔티	079810	Industrials
제주반도체	080220	Technology
동양이엔피	079960	Industrials
한창산업	079170	Basic Materials
인베니아	079950	Industrials
이노와이어리스	073490	Technology
에이블씨엔씨	078520	Consumer Defensive
금호타이어	073240	Financial Services
플랜티넷	075130	Communication Services
젬백스&카엘	082270	Technology
옵트론텍	082210	Technology
동일산업	004890	Consumer Cyclical
쏠리드	050890	Communication Services
가온미디어	078890	Communication Services
셀트리온	068270	Healthcare
한미반도체	042700	Technology
동양고속	084670	Financial Services
모두투어네트워크	080160	Real Estate
이월드	084680	Consumer Cyclical
메디포스트	078160	Healthcare
우리바이오	082850	Consumer Defensive
코아스	071950	Financial Services
아리온테크놀로지	058220	Financial Services
대상홀딩스	084690	Financial Services
이상네트웍스	080010	Basic Materials
코스나인	082660	Consumer Defensive
엘오티베큠	083310	Technology
하나마이크론	067310	Technology
아바코	083930	Technology
덕산하이메탈	077360	Technology
가비아	079940	Technology
그린케미칼	083420	Basic Materials
새론오토모티브	075180	Consumer Cyclical
서린바이오사이언스	038070	Healthcare
디아크	078590	Consumer Cyclical
폴라리스오피스	041020	Technology
대한제강	084010	Basic Materials
와토스코리아	079000	Industrials
비보존헬스케어	082800	Healthcare
자연과환경	043910	Basic Materials
현대리바트	079430	Consumer Cyclical
케스피온	079190	Communication Services
비에이치아이	083650	Industrials
모다이노칩	080420	Technology
제일연마공업	001560	Basic Materials
하나금융지주	086790	Financial Services
한국코퍼레이션	050540	Technology
이브이수성	084180	Consumer Defensive
티비에이치글로벌	084870	Financial Services
케이엠	083550	Technology
대봉엘에스	078140	Healthcare
와이엔텍	067900	Industrials
현대글로비스	086280	Financial Services
차바이오텍	085660	Healthcare
인콘	083640	Technology
헬릭스미스	084990	Healthcare
바이오니아	064550	Healthcare
크리스탈지노믹스	083790	Healthcare
유진테크	084370	Technology
뉴프렉스	085670	Technology
한일네트웍스	046110	Industrials
에너토크	019990	Industrials
글로벌스탠다드테크놀로지	083450	Technology
제우스	079370	Technology
셀트리온제약	068760	Healthcare
롯데쇼핑	023530	Real Estate
에이스테크놀로지	088800	Technology
진도	088790	Consumer Cyclical
진바이오텍	086060	Healthcare
팅크웨어	084730	Consumer Cyclical
평화산업	090080	Consumer Cyclical
제이브이엠	054950	Healthcare
롯데관광개발	032350	Consumer Cyclical
동우팜투테이블	088910	Consumer Cyclical
아이오케이컴퍼니	078860	Real Estate
아모레퍼시픽	090430	Financial Services
노루페인트	090350	Financial Services
루트로닉	085370	Healthcare
인포뱅크	039290	Technology
팬엔터테인먼트	068050	Communication Services
쇼박스	086980	Communication Services
한국전자금융	063570	Industrials
씨에스에이코스믹	083660	Consumer Defensive
티엘아이	062860	Technology
세원이앤씨	091090	Basic Materials
루멘스	038060	Technology
HDC현대EP	089470	Basic Materials
한컴엠디에스	086960	Technology
바텍	043150	Healthcare
더이앤엠	089230	Communication Services
KPX홀딩스	092230	Financial Services
케이이씨	092220	Industrials
삼정펄프	009770	Basic Materials
아이윈	090150	Consumer Cyclical
이녹스	088390	Technology
제이티	089790	Technology
넥스턴바이오사이언스	089140	Technology
성창오토텍	080470	Consumer Cyclical
인천도시가스	034590	Energy
코세스	089890	Technology
주연테크	044380	Financial Services
멀티캠퍼스	067280	Consumer Defensive
큐에스아이	066310	Financial Services
에스에이티	060540	Industrials
LF	093050	Consumer Cyclical
휴림로봇	090710	Technology
유니테스트	086390	Technology
케이씨티	089150	Financial Services
파트론	091700	Technology
휴온스글로벌	084110	Financial Services
후성	093370	Financial Services
메타랩스	090370	Financial Services
동아엘텍	088130	Industrials
제이스텍	090470	Technology
켐트로닉스	089010	Basic Materials
오스코텍	039200	Healthcare
비에이치	090460	Technology
네오팜	092730	Healthcare
나노캠텍	091970	Basic Materials
오스템임플란트	048260	Healthcare
매커스	093520	Technology
이베스트투자증권	078020	Financial Services
네오리진	094860	Technology
참좋은여행	094850	Consumer Cyclical
이엠텍	091120	Technology
에프알텍	073540	Technology
한라아이엠에스	092460	Financial Services
상신이디피	091580	Industrials
케이프	064820	Industrials
동국제약	086450	Healthcare
웅진씽크빅	095720	Financial Services
풍강	093380	Consumer Cyclical
엔텔스	069410	Technology
앤씨앤	092600	Technology
삼성카드	029780	Financial Services
네오위즈	095660	Communication Services
컴투스	078340	Communication Services
엠피대산	065150	Consumer Cyclical
갤럭시아머니트리	094480	Technology
에코프로	086520	Industrials
SK이노베이션	096770	Energy
율호	072770	Technology
에스엔케이폴리텍	091340	Basic Materials
제이더블유홀딩스	096760	Healthcare
빅솔론	093190	Financial Services
에이치제이중공업	097230	Industrials
웨이브일렉트로닉스	095270	Technology
푸른기술	094940	Technology
연이비앤티	090740	Technology
옴니시스템	057540	Technology
팬오션	028670	Industrials
바이오톡스텍	086040	Healthcare
씨제이제일제당	097950	Consumer Defensive
상보	027580	Technology
미래나노텍	095500	Technology
아이에스시	095340	Technology
네오티스	085910	Technology
오디텍	080520	Technology
엘엠에스	073110	Industrials
성우전자	081580	Basic Materials
제이엠티	094970	Technology
에스에너지	095910	Industrials
디아이씨	092200	Consumer Cyclical
다믈멀티미디어	093640	Technology
현우산업	092300	Technology
효성ITX	094280	Financial Services
케이에스에스해운	044450	Energy
이엠코리아	095190	Industrials
기신정기	092440	Basic Materials
이아이디	093230	Financial Services
비엠티	086670	Industrials
일진파워	094820	Industrials
디엔에프	092070	Technology
알에프세미	096610	Technology
아이에스이커머스	069920	Communication Services
한전KPS	051600	Industrials
대창솔루션	096350	Industrials
이씨에스텔레콤	067010	Consumer Cyclical
서원인텍	093920	Technology
에스코넥	096630	Financial Services
일신바이오베이스	068330	Basic Materials
에스맥	097780	Technology
엔케이	085310	Industrials
이트론	096040	Technology
텔레필드	091440	Technology
진양홀딩스	100250	Financial Services
에스앤티에너지	100840	Energy
인바이오젠	101140	Consumer Cyclical
효성오앤비	097870	Basic Materials
메타바이오메드	059210	Healthcare
엘디티	096870	Technology
예스이십사	053280	Communication Services
테스	095610	Technology
우진비앤지	018620	Healthcare
조이시티	067000	Communication Services
고영테크놀러지	098460	Technology
브리지텍	064480	Technology
쌍방울	102280	Consumer Cyclical
쎄트렉아이	099320	Technology
월덱스	101160	Technology
동성케미컬	102260	Financial Services
크레버스	096240	Consumer Defensive
비상교육	100220	Consumer Defensive
서울옥션	063170	Real Estate
이스트소프트	047560	Technology
명문제약	017180	Healthcare
슈프리마에이치큐	094840	Technology
코리아에스이	101670	Industrials
웰크론한텍	076080	Industrials
아이엠	101390	Technology
LG이노텍	011070	Technology
풍산	103140	Financial Services
삼강엠앤티	100090	Utilities
일진전기	103590	Industrials
이엠앤아이	083470	Financial Services
마이크로컨텍솔루션	098120	Technology
한국철강	104700	Industrials
세운메디칼	100700	Healthcare
KB금융지주	105560	Financial Services
이크레더블	092130	Financial Services
에이치엘비생명과학	067630	Utilities
아이컴포넌트	059100	Technology
엠게임	058630	Communication Services
메디톡스	086900	Healthcare
유비쿼스홀딩스	078070	Technology
대성파인텍	104040	Industrials
이수앱지스	086890	Healthcare
미원홀딩스	107590	Energy
파인테크닉스	106240	Consumer Defensive
컨버즈	109070	Consumer Cyclical
한세실업	105630	Consumer Cyclical
엔시트론	101400	Technology
코오롱생명과학	102940	Healthcare
뷰웍스	100120	Technology
에스앤에스텍	101490	Technology
에이테크솔루션	071670	Industrials
에스티오	098660	Consumer Cyclical
LX하우시스	108670	Industrials
티플랙스	081150	Basic Materials
우림피티에스	101170	Industrials
흥국	010240	Industrials
STX중공업	071970	Industrials
에스디엔	099220	Technology
한국정밀기계	101680	Industrials
스맥	099440	Technology
이엔에프테크놀로지	102710	Technology
위메이드맥스	101730	Technology
어보브반도체	102120	Technology
동아지질	028100	Financial Services
한미글로벌건축사사무소	053690	Industrials
동일금속	109860	Industrials
영원무역	111770	Consumer Cyclical
컴투스홀딩스	063080	Communication Services
에스앤더블류	103230	Industrials
동국S&C	100130	Energy
톱텍	108230	Technology
제넥신	095700	Healthcare
디에스케이	109740	Technology
형지엘리트	093240	Consumer Cyclical
유니온머티리얼	047400	Technology
케이엔더블유	105330	Technology
아이앤씨테크놀로지	052860	Technology
엔에이치엔벅스	104200	Communication Services
동양생명보험	082640	Financial Services
한스바이오메드	042520	Healthcare
비츠로셀	082920	Industrials
상상인인더스트리	101000	Industrials
진매트릭스	109820	Healthcare
동방선기	099410	Industrials
SK	034730	Financial Services
에이프로젠헬스케어앤게임즈	109960	Communication Services
휴맥스	115160	Technology
그랜드코리아레저	114090	Consumer Cyclical
강원에너지	114190	Industrials
이원컴포텍	088290	Consumer Cyclical
셀바스에이아이	108860	Technology
한국전력기술	052690	Industrials
멜파스	096640	Technology
위메이드	112040	Communication Services
디와이피엔에프	104460	Industrials
KPX라이프사이언스	114450	Healthcare
아이티엑스에이아이	099520	Technology
글로벌에스엠테크리미티드	900070	Basic Materials
초록뱀헬스케어	118000	Healthcare
코디	080530	Consumer Defensive
폴라리스우노	114630	Basic Materials
영흥	012160	Industrials
아세아텍	050860	Industrials
스타플렉스	115570	Consumer Cyclical
우리넷	115440	Communication Services
락앤락	115390	Industrials
케이씨코트렐	119650	Technology
한국지역난방공사	071320	Utilities
코오롱인더스트리	120110	Consumer Cyclical
모베이스	101330	Consumer Cyclical
인포바인	115310	Communication Services
하이소닉	106080	Technology
조선선재	120030	Industrials
이미지스테크놀로지	115610	Technology
한화생명보험	088350	Financial Services
에이치엘비테라퓨틱스	115450	Healthcare
씨케이에이치푸드앤헬스리미티드	900120	Consumer Defensive
케이씨에스	115500	Industrials
애머릿지코퍼레이션	900100	Consumer Cyclical
이스트아시아홀딩스인베스트먼트리미티드	900110	Consumer Cyclical
삼성생명보험	032830	Financial Services
한라홀딩스	060980	Financial Services
모바일리더	100030	Technology
인피니트헬스케어	071200	Technology
에스제이엠	123700	Consumer Cyclical
한국화장품	123690	Consumer Defensive
투비소프트	079970	Technology
LX세미콘	108320	Technology
엑스큐어	070300	Technology
이연제약	102460	Healthcare
오르비텍	046120	Industrials
유비벨록스	089850	Technology
에스디시스템	121890	Industrials
크루셜텍	114120	Technology
우진	105840	Industrials
하이텍팜	106190	Healthcare
인터로조	119610	Healthcare
아이마켓코리아	122900	Basic Materials
한미약품	128940	Healthcare
대성산업	128820	Energy
이글루코퍼레이션	067920	Technology
엠에스오토텍	123040	Consumer Cyclical
도화엔지니어링	002150	Industrials
와이솔	122990	Technology
씨젠	096530	Healthcare
현대홈쇼핑	057050	Communication Services
다원시스	068240	Industrials
케이티씨에스	058850	Communication Services
포메탈	119500	Industrials
알파홀딩스	117670	Technology
휠라홀딩스	081660	Basic Materials
아이씨케이	068940	Technology
지나인제약	078650	Technology
인화정공	101930	Basic Materials
누리플랜	069140	Industrials
아이텍	119830	Technology
케이엔엔	058400	Communication Services
아나패스	123860	Technology
케이에이치전자	111870	Technology
코프라	126600	Basic Materials
디케이락	105740	Industrials
한국전자인증	041460	Technology
시그네틱스	033170	Technology
티비씨	033830	Communication Services
엘브이엠씨홀딩스	900140	Financial Services
에이루트	096690	Technology
피제이메탈	128660	Basic Materials
한전산업개발	130660	Industrials
케이티아이에스	058860	Communication Services
대정화금	120240	Healthcare
현대퓨처넷	126560	Communication Services
대성에너지	117580	Utilities
이브이첨단소재	131400	Basic Materials
HSD엔진	082740	Industrials
인텍플러스	064290	Technology
티에스이	131290	Technology
다나와	119860	Communication Services
시디즈	134790	Consumer Cyclical
블루콤	033560	Technology
인트론바이오테크놀로지	048530	Healthcare
엘비세미콘	061970	Technology
제이엔케이히터	126880	Energy
딜리	131180	Basic Materials
케이아이엔엑스	093320	Technology
티피씨	130740	Industrials
나노신소재	121600	Technology
미원화학	134380	Basic Materials
선진	136490	Industrials
현대위아	011210	Consumer Cyclical
부스타	008470	Industrials
일진머티리얼즈	020150	Technology
BNK금융지주	138930	Financial Services
티케이케미칼	104480	Basic Materials
이퓨쳐	134060	Communication Services
한국종합기술	023350	Industrials
윈스	136540	Technology
하림	136480	Industrials
메리츠금융지주	138040	Financial Services
골프존뉴딘홀딩스	121440	Financial Services
케이엠에이치	122450	Communication Services
세아특수강	019440	Basic Materials
엘아이에스	138690	Technology
케이티스카이라이프	053210	Communication Services
DGB금융지주	139130	Financial Services
이마트	139480	Real Estate
스카이이앤엠	131100	Basic Materials
넥스트아이	137940	Industrials
코오롱플라스틱	138490	Basic Materials
한세엠케이	069640	Consumer Cyclical
서연탑메탈	019770	Industrials
롯데하이마트	071840	Consumer Cyclical
한국항공우주산업	047810	Industrials
대양전기공업	108380	Industrials
옵티시스	109080	Technology
나이벡	138610	Healthcare
신세계인터내셔날	031430	Consumer Cyclical
상아프론테크	089980	Technology
삼원강재	023000	Consumer Cyclical
시티랩스	139050	Technology
제닉	123330	Consumer Defensive
아이씨디	040910	Technology
제이씨케미칼	137950	Energy
화신정공	126640	Consumer Cyclical
알톤스포츠	123750	Consumer Cyclical
아이디스	143160	Technology
원익피앤이	131390	Industrials
대한과학	131220	Healthcare
로보스타	090360	Technology
씨엔플러스	115530	Technology
에스엠코어	007820	Industrials
씨큐브	101240	Basic Materials
테크윙	089030	Technology
에이티세미콘	089530	Technology
에디슨이브이	136510	Technology
YG엔터테인먼트	122870	Communication Services
이엠넷	123570	Communication Services
신진에스엠	138070	Industrials
비덴트	121800	Technology
키네마스터	139670	Healthcare
삼양사	145990	Consumer Defensive
씨유메디칼시스템	115480	Healthcare
인터지스	129260	Industrials
서암기계공업	100660	Industrials
시큐브	131090	Technology
나이스디앤비	130580	Financial Services
지에스리테일	007070	Communication Services
디엔에이링크	127120	Healthcare
원익머트리얼즈	104830	Technology
메지온	140410	Healthcare
남화토건	091590	Industrials
제룡산업	147830	Basic Materials
하이비젼시스템	126700	Technology
뉴로스	126870	Industrials
사람인에이치알	143240	Financial Services
휴비스	079980	Basic Materials
코리아에프티	123410	Consumer Cyclical
빛샘전자	072950	Technology
삼기	122350	Consumer Cyclical
서진오토모티브	122690	Consumer Cyclical
비아트론	141000	Technology
사조씨푸드	014710	Consumer Defensive
피엔티	137400	Industrials
노블엠앤비	106520	Technology
네이블커뮤니케이션즈	153460	Technology
엠씨넥스	097520	Communication Services
에스케이렌터카	068400	Financial Services
에스비더블유생명과학	151910	Technology
애경케미칼	161000	Basic Materials
코이즈	121850	Technology
한국타이어앤테크놀로지	161390	Consumer Cyclical
한국콜마	161890	Healthcare
동일고무벨트	163560	Basic Materials
아바텍	149950	Consumer Cyclical
엘지헬로비전	037560	Communication Services
와이엠씨	155650	Industrials
지엠비코리아	013870	Industrials
디젠스	113810	Consumer Cyclical
우리로	046970	Technology
SBI 핀테크솔루션즈	950110	Financial Services
스킨앤스킨	159910	Consumer Defensive
디에스앤엘	141020	Financial Services
아이센스	099190	Healthcare
우리이앤엘	153490	Technology
아이원스	114810	Technology
제로투세븐	159580	Consumer Cyclical
코렌텍	104540	Healthcare
윈팩	097800	Technology
참존글로벌	158310	Technology
동아에스티	170900	Healthcare
레고켐바이오사이언스	141080	Healthcare
디에스알	155660	Financial Services
엑세스바이오 KDR	950130	Healthcare
나스미디어	089600	Communication Services
JB금융지주	175330	Financial Services
케이지이티에스	151860	Industrials
파이오링크	170790	Technology
지에이치신소재	130500	Industrials
엔에이치엔	181710	Communication Services
아미코젠	092040	Healthcare
한진칼	180640	Financial Services
한일진공	123840	Industrials
지엔씨에너지	119850	Industrials
엘티씨	170920	Technology
파수	150900	Technology
두산테스나	131970	Technology
현대로템	064350	Industrials
내츄럴엔도텍	168330	Healthcare
위메이드플레이	123420	Communication Services
해성옵틱스	076610	Technology
아세아시멘트	183190	Basic Materials
협진	138360	Consumer Defensive
더 미동	161570	Technology
램테크놀러지	171010	Technology
라이온켐텍	171120	Basic Materials
신송홀딩스	006880	Financial Services
탑코미디어	134580	Communication Services
옵투스제약	131030	Healthcare
엔브이에이치코리아	067570	Consumer Cyclical
현대공업	170030	Consumer Cyclical
알티캐스트	085810	Communication Services
종근당	185750	Healthcare
기가레인	049080	Technology
인트로메딕	150840	Healthcare
현대이지웰	090850	Technology
솔루에타	154040	Technology
알서포트	131370	Technology
한국정보인증	053300	Technology
오이솔루션	138080	Technology
코스맥스	192820	Healthcare
비지에프	027410	Real Estate
캐스텍코리아	071850	Industrials
코아시아옵틱스	196450	Technology
트루윈	105550	Technology
화인베스틸	133820	Industrials
아진엑스텍	059120	Technology
윈하이텍	192390	Industrials
창해에탄올	004650	Basic Materials
덕신하우징	090410	Financial Services
파버나인	177830	Consumer Cyclical
쿠쿠홀딩스	192400	Consumer Defensive
신화콘텍	187270	Technology
서연이화	200880	Consumer Cyclical
더에이치큐	192410	Technology
만도	204320	Consumer Cyclical
데브시스터즈	194480	Communication Services
메디아나	041920	Healthcare
영우디에스피	143540	Industrials
테라셈	182690	Technology
슈피겐코리아	192440	Consumer Cyclical
테고사이언스	191420	Healthcare
케이사인	192250	Technology
삼성에스디에스	018260	Technology
디에이테크놀로지	196490	Industrials
텔콘알에프제약	200230	Technology
씨에스윈드	112610	Utilities
에프엔씨엔터테인먼트	173940	Communication Services
대창스틸	140520	Basic Materials
피아이첨단소재	178920	Basic Materials
알테오젠	196170	Healthcare
비씨월드제약	200780	Healthcare
에이디테크놀로지	200710	Technology
랩지노믹스	084650	Healthcare
녹십자엠에스	142280	Healthcare
하이로닉	149980	Healthcare
디티앤씨	187220	Industrials
삼성물산	028260	Real Estate
넥스트엔터테인먼트월드	160550	Communication Services
아이티센	124500	Technology
서전기전	189860	Technology
아스트	067390	Industrials
오킨스전자	080580	Technology
휴메딕스	200670	Healthcare
에이팩트	200470	Technology
와이제이엠게임즈	193250	Communication Services
국일신동	060480	Basic Materials
디와이파워	210540	Financial Services
한솔제지	213500	Basic Materials
콜마비앤에이치	200130	Consumer Defensive
덕산네오룩스	213420	Basic Materials
포시에스	189690	Technology
다이나믹디자인	145210	Consumer Cyclical
골프존	215000	Financial Services
큐브엔터테인먼트	182360	Communication Services
에이비프로바이오	195990	Industrials
나노	187790	Basic Materials
메가스터디교육	215200	Consumer Defensive
우리산업	215360	Consumer Cyclical
제노포커스	187420	Healthcare
픽셀플러스	087600	Technology
에스지에이 솔루션즈	184230	Technology
싸이맥스	160980	Technology
베셀	177350	Technology
에스케이디앤디	210980	Real Estate
에스엘바이오닉스	214310	Technology
엑셈	205100	Technology
코아스템	166480	Healthcare
이큐셀	160600	Technology
경보제약	214390	Healthcare
동운아나텍	094170	Technology
유테크	178780	Industrials
민앤지	214180	Technology
미래에셋생명보험	085620	Financial Services
토니모리	214420	Consumer Defensive
이노션	214320	Communication Services
펩트론	087010	Healthcare
파마리서치	214450	Healthcare
로지시스	067730	Industrials
아이쓰리시스템	214430	Technology
아시아경제	127710	Communication Services
칩스앤미디어	094360	Technology
흥국에프엔비	189980	Consumer Defensive
심텍	222800	Technology
파인텍	131760	Technology
에이제이네트웍스	095570	Industrials
웹스	196700	Basic Materials
에이텍티앤	224110	Industrials
바디텍메드	206640	Healthcare
스튜디오산타클로스엔터테인먼트	204630	Communication Services
인포마크	175140	Technology
에이치디씨랩스	039570	Real Estate
동일제강	002690	Basic Materials
제너셈	217190	Technology
타이거일렉	219130	Technology
프로스테믹스	203690	Healthcare
엘아이지넥스원	079550	Industrials
액션스퀘어	205500	Communication Services
뉴지랩파마	214870	Technology
엑시콘	092870	Technology
엔케이맥스	182400	Healthcare
현대코퍼레이션홀딩스	227840	Consumer Cyclical
연우	115960	Consumer Defensive
더블유게임즈	192080	Communication Services
제주항공	089590	Industrials
금호에이치티	214330	Consumer Cyclical
나무가	190510	Technology
에디슨이노	056090	Healthcare
아이진	185490	Healthcare
케어젠	214370	Healthcare
네오오토	212560	Consumer Cyclical
케이디켐	221980	Industrials
매직마이크로	127160	Technology
미스터블루	207760	Communication Services
하이즈항공	221840	Industrials
세진중공업	075580	Industrials
엔에스	217820	Industrials
바이오로그디바이스	208710	Healthcare
멕아이씨에스	058110	Healthcare
코스맥스엔비티	222040	Consumer Defensive
예스티	122640	Technology
보광산업	225530	Basic Materials
파크시스템스	140860	Technology
메가엠디	133750	Consumer Defensive
강스템바이오텍	217730	Healthcare
에이치엘비제약	047920	Healthcare
덱스터스튜디오	206560	Communication Services
한국맥널티	222980	Consumer Defensive
휴젤	145020	Healthcare
육일씨엔에쓰	191410	Basic Materials
커머스마이너	223310	Consumer Cyclical
잇츠한불	226320	Consumer Defensive
코디엠	224060	Technology
에스와이	109610	Industrials
베노홀딩스	206400	Industrials
차이나크리스탈신소재홀딩스	900250	Basic Materials
유니트론텍	142210	Technology
제이에스코퍼레이션	194370	Financial Services
슈프리마	236200	Technology
안트로젠	065660	Healthcare
큐리언트	115180	Healthcare
에이피위성	211270	Communication Services
팬젠	222110	Healthcare
삼일씨엔에스	004440	Basic Materials
동양파일	228340	Basic Materials
레이언스	228850	Technology
마이더스에이아이	222810	Healthcare
원익아이피에스	240810	Technology
해태제과식품	101530	Consumer Defensive
썸에이지	208640	Communication Services
용평리조트	070960	Real Estate
휴온스	243070	Healthcare
알엔투테크놀로지	148250	Technology
지씨셀	144510	Healthcare
에스티팜	237690	Healthcare
해성디에스	195870	Technology
정다운	208140	Consumer Defensive
로스웰인터내셔널	900260	Financial Services
피앤씨테크	237750	Technology
비엘	142760	Healthcare
한국자산신탁	123890	Real Estate
위니아	071460	Consumer Cyclical
장원테크	174880	Industrials
아이윈플러스	123010	Technology
쎄노텍	222420	Basic Materials
우리손에프앤지농업회사법인	073560	Consumer Defensive
엔지스테크널러지	208860	Technology
두올	016740	Consumer Cyclical
에코마케팅	230360	Communication Services
샘표식품	248170	Consumer Defensive
헝셩그룹	900270	Consumer Cyclical
일동제약	249420	Healthcare
자이글	234920	Consumer Cyclical
지란지교시큐리티	208350	Technology
셀바스헬스케어	208370	Healthcare
유니테크노	241690	Consumer Cyclical
엘에스전선아시아	229640	Utilities
화승엔터프라이즈	241590	Consumer Cyclical
지엘팜텍	204840	Healthcare
에프에스엔	214270	Communication Services
미투온	201490	Communication Services
수산아이앤티	050960	Technology
앤디포스	238090	Healthcare
잉글우드랩 KDR	950140	Consumer Defensive
에이치시티	072990	Industrials
인텔리안테크놀로지스	189300	Industrials
골든센츄리	900280	Consumer Cyclical
그레이트리치과기유한공사	900290	Technology
제이더블유생명과학	234080	Healthcare
코스메카코리아	241710	Consumer Defensive
에이치엘사이언스	239610	Healthcare
인크로스	216050	Communication Services
얼라인드제네틱스	238120	Healthcare
오가닉티코스메틱홀딩스	900300	Healthcare
클리오	237880	Consumer Defensive
삼성바이오로직스	207940	Healthcare
두산밥캣	241560	Industrials
핸디소프트	220180	Technology
엘앤케이바이오메드	156100	Healthcare
뉴파워프라즈마	144960	Technology
오션브릿지	241790	Technology
퓨쳐켐	220100	Healthcare
핸즈코퍼레이션	143210	Consumer Cyclical
디알텍	214680	Technology
에이트원	230980	Industrials
애니젠	196300	Healthcare
유니온커뮤니티	203450	Technology
마이크로프랜드	147760	Technology
넵튠	217270	Communication Services
티에스인베스트먼트	246690	Financial Services
디에스씨인베스트먼트	241520	Financial Services
드림시큐리티	203650	Technology
씨아이에스	222080	Industrials
유바이오로직스	206650	Healthcare
서플러스글로벌	140070	Industrials
호전실업	111110	Consumer Cyclical
디와이디	219550	Consumer Cyclical
피씨엘	241820	Healthcare
모바일어플라이언스	087260	Technology
에프엔에스테크	083500	Technology
신신제약	002800	Healthcare
에스디생명공학	217480	Healthcare
덴티움	145720	Healthcare
아스타	246720	Healthcare
모비스	250060	Industrials
코미코	183300	Basic Materials
서진시스템	178320	Industrials
유비쿼스	264450	Technology
와이아이케이	232140	Technology
이엘피	063760	Technology
에이피시스템	265520	Technology
크라운제과(신설)	264900	Consumer Defensive
켐온	217600	Healthcare
와이엠티	251370	Technology
우정바이오	215380	Healthcare
하나머티리얼즈	166090	Technology
토박스코리아	215480	Consumer Cyclical
이노인스트루먼트	215790	Technology
현대건설기계	267270	Consumer Cyclical
에이치디현대	267250	Consumer Defensive
현대일렉트릭앤에너지시스템	267260	Industrials
경동도시가스(신설)	267290	Utilities
넷마블	251270	Communication Services
고려시멘트	198440	Basic Materials
미원스페셜티케미칼(신설)	268280	Basic Materials
필옵틱스	161580	Technology
삼양옵틱스	225190	Technology
매일유업	267980	Consumer Defensive
보라티알	250000	Consumer Defensive
넥슨게임즈	225570	Communication Services
오리온	271560	Consumer Defensive
이녹스첨단소재	272290	Technology
아우딘퓨쳐스	227610	Consumer Defensive
브이원텍	251630	Technology
제일약품(신설)	271980	Healthcare
힘스	238490	Technology
이즈미디어	181340	Technology
셀트리온헬스케어	091990	Healthcare
디앤씨미디어	263720	Communication Services
지니언스	263860	Technology
데이타솔루션	263800	Technology
모트렉스	118990	Consumer Cyclical
컬러레이홀딩스	900310	Basic Materials
알에스오토메이션	140670	Technology
케일럼	258610	Utilities
덕우전자	263600	Technology
디딤	217620	Consumer Cyclical
알에프에이치아이씨	218410	Basic Materials
케이피에스	256940	Technology
펄어비스	263750	Technology
앱클론	174900	Healthcare
세화피앤씨	252500	Communication Services
글로벌텍스프리	204620	Financial Services
선익시스템	171090	Technology
엠플러스	259630	Industrials
신흥에스이씨	243840	Industrials
유티아이	179900	Technology
야스	255440	Technology
켐트로스	220260	Basic Materials
상신전자	263810	Technology
휴마시스	205470	Healthcare
폴라리스세원	234100	Industrials
영화테크	265560	Consumer Cyclical
롯데제과(신설)	280360	Consumer Defensive
테이팩스	055490	Financial Services
비디아이	148140	Industrials
스튜디오드래곤	253450	Communication Services
동아타이어공업(신설)	282690	Consumer Cyclical
삼양패키징	272550	Consumer Defensive
비즈니스온커뮤니케이션	138580	Financial Services
대원	007680	Real Estate
체리부로	066360	Consumer Defensive
케이씨텍	281820	Technology
에스트래픽	234300	Industrials
메카로	241770	Technology
씨티케이	260930	Healthcare
비지에프리테일(신설)	282330	Real Estate
동양피스톤	092780	Industrials
진에어	272450	Industrials
케이에이치건설	226360	Industrials
로보로보	215100	Consumer Cyclical
디바이스이엔지	187870	Technology
시스웍	269620	Technology
클래시스	214150	Healthcare
미래생명자원	218150	Consumer Defensive
SK케미칼	285130	Healthcare
쿠쿠홈시스	284740	Financial Services
씨앤지하이테크	264660	Technology
에스지이	255220	Basic Materials
배럴	267790	Consumer Cyclical
링크제니시스	219420	Technology
카페24	042000	Communication Services
알리코제약	260660	Healthcare
농업회사법인아시아종묘	154030	Consumer Defensive
패션플랫폼	225590	Communication Services
동구바이오제약	006620	Healthcare
엔지켐생명과학	183490	Healthcare
오스테오닉	226400	Basic Materials
린드먼아시아인베스트먼트	277070	Financial Services
애경산업	018250	Financial Services
유에스티	263770	Financial Services
케어랩스	263700	Healthcare
JTC KDR	950170	Consumer Cyclical
러셀	217500	Technology
제노레이	122310	Healthcare
